id_estudiante,nombre,asignatura,periodo,nota1,nota2,nota3,asistencia_%,participacion
1,Luis Valencia,Algoritmos,1,3.67,3.22,4.08,84.60,0.72
1,Luis Valencia,Algoritmos,2,3.40,3.05,2.92,91.00,0.94
1,Luis Valencia,Algoritmos,3,2.14,2.50,3.09,75.40,0.75
1,Luis Valencia,Bases de Datos,1,2.66,4.94,4.26,84.90,0.72
1,Luis Valencia,Bases de Datos,2,3.05,4.05,3.67,59.60,0.73
1,Luis Valencia,Bases de Datos,3,3.63,3.51,4.03,75.60,0.48
1,Luis Valencia,Ingeniería de Software,1,3.90,5.00,4.41,68.70,0.90
1,Luis Valencia,Ingeniería de Software,2,3.59,4.78,4.30,87.40,0.29
1,Luis Valencia,Ingeniería de Software,3,3.42,4.14,3.71,82.60,0.95
1,Luis Valencia,Matemáticas,1,3.03,4.55,4.56,95.30,0.38
1,Luis Valencia,Matemáticas,2,4.73,4.52,4.29,70.30,0.86
1,Luis Valencia,Matemáticas,3,2.76,4.37,4.61,93.80,1.00
1,Luis Valencia,Programación,1,2.28,2.58,2.77,100.00,0.94
1,Luis Valencia,Programación,2,2.83,3.24,2.73,81.20,0.57
1,Luis Valencia,Programación,3,1.44,2.27,3.48,94.20,0.61
1,Luis Valencia,Redes,1,3.82,3.06,3.27,78.10,0.95
1,Luis Valencia,Redes,2,2.80,3.06,2.62,71.40,1.00
1,Luis Valencia,Redes,3,3.50,2.33,2.96,74.70,0.55
1,Luis Valencia,Sistemas,1,3.79,2.72,3.18,93.20,0.58
1,Luis Valencia,Sistemas,2,2.79,3.16,3.51,93.40,0.41
1,Luis Valencia,Sistemas,3,2.92,2.43,2.56,93.70,0.55
2,Sara Muñoz,Algoritmos,1,1.33,2.26,2.05,86.20,0.57
2,Sara Muñoz,Algoritmos,2,1.38,2.04,2.09,76.20,0.70
2,Sara Muñoz,Algoritmos,3,1.80,2.84,3.12,80.00,0.45
2,Sara Muñoz,Bases de Datos,1,2.13,0.98,0.99,79.00,0.59
2,Sara Muñoz,Bases de Datos,2,0.96,0.97,0.73,88.20,1.00
2,Sara Muñoz,Bases de Datos,3,1.79,1.97,0.74,73.20,0.65
2,Sara Muñoz,Ingeniería de Software,1,1.93,1.42,1.82,63.60,0.29
2,Sara Muñoz,Ingeniería de Software,2,2.27,1.48,2.39,67.60,0.49
2,Sara Muñoz,Ingeniería de Software,3,1.98,1.61,2.42,88.30,0.73
2,Sara Muñoz,Matemáticas,1,1.15,2.28,1.89,74.00,0.39
2,Sara Muñoz,Matemáticas,2,2.38,2.47,2.86,84.90,0.81
2,Sara Muñoz,Matemáticas,3,3.40,2.67,1.63,62.50,0.25
2,Sara Muñoz,Programación,1,3.24,1.61,0.92,70.10,0.73
2,Sara Muñoz,Programación,2,2.87,2.46,2.28,52.50,0.62
2,Sara Muñoz,Programación,3,2.07,1.70,1.95,68.70,0.67
2,Sara Muñoz,Redes,1,0.89,1.83,1.67,86.00,0.13
2,Sara Muñoz,Redes,2,1.83,2.31,1.77,68.90,0.54
2,Sara Muñoz,Redes,3,1.70,1.16,2.11,89.50,0.72
2,Sara Muñoz,Sistemas,1,2.71,2.43,2.23,72.60,0.31
2,Sara Muñoz,Sistemas,2,2.90,2.82,3.35,100.00,0.80
2,Sara Muñoz,Sistemas,3,2.23,2.33,2.59,84.90,0.51
3,Emma Parra,Algoritmos,1,2.30,2.13,1.90,71.20,0.82
3,Emma Parra,Algoritmos,2,1.79,2.32,1.96,84.10,0.76
3,Emma Parra,Algoritmos,3,1.35,1.48,2.22,67.00,0.53
3,Emma Parra,Bases de Datos,1,1.01,0.71,1.59,78.70,0.48
3,Emma Parra,Bases de Datos,2,1.23,1.80,0.35,73.80,0.72
3,Emma Parra,Bases de Datos,3,0.94,0.18,0.76,85.50,0.49
3,Emma Parra,Ingeniería de Software,1,1.54,1.65,1.29,92.70,0.37
3,Emma Parra,Ingeniería de Software,2,0.80,0.90,1.83,69.90,0.60
3,Emma Parra,Ingeniería de Software,3,1.11,1.37,2.08,77.00,0.45
3,Emma Parra,Matemáticas,1,2.22,2.52,1.09,76.00,0.45
3,Emma Parra,Matemáticas,2,1.19,1.90,0.79,62.40,1.00
3,Emma Parra,Matemáticas,3,1.63,1.35,2.35,67.90,0.35
3,Emma Parra,Programación,1,1.16,0.17,0.76,86.80,0.61
3,Emma Parra,Programación,2,1.40,1.08,1.44,88.30,0.18
3,Emma Parra,Programación,3,1.47,1.64,0.82,65.50,0.71
3,Emma Parra,Redes,1,1.87,2.51,2.09,74.00,0.55
3,Emma Parra,Redes,2,2.06,1.43,2.03,77.90,0.80
3,Emma Parra,Redes,3,2.68,1.61,1.90,72.10,0.83
3,Emma Parra,Sistemas,1,1.71,0.98,0.74,85.20,0.61
3,Emma Parra,Sistemas,2,1.77,1.66,2.05,65.60,0.90
3,Emma Parra,Sistemas,3,2.11,2.22,2.02,90.20,0.44
4,Manuela Gómez,Algoritmos,1,1.32,2.86,2.38,90.20,0.02
4,Manuela Gómez,Algoritmos,2,1.63,1.81,1.17,85.50,0.68
4,Manuela Gómez,Algoritmos,3,1.71,1.97,2.49,76.20,0.74
4,Manuela Gómez,Bases de Datos,1,2.76,2.95,2.73,85.90,0.77
4,Manuela Gómez,Bases de Datos,2,1.51,2.99,1.80,86.00,0.65
4,Manuela Gómez,Bases de Datos,3,2.35,1.93,3.13,98.50,0.68
4,Manuela Gómez,Ingeniería de Software,1,2.51,2.71,3.30,70.30,0.49
4,Manuela Gómez,Ingeniería de Software,2,2.86,3.25,2.44,72.50,0.24
4,Manuela Gómez,Ingeniería de Software,3,2.36,2.71,3.06,80.00,0.72
4,Manuela Gómez,Matemáticas,1,2.70,3.13,1.90,88.70,0.22
4,Manuela Gómez,Matemáticas,2,2.50,2.16,1.85,97.40,0.47
4,Manuela Gómez,Matemáticas,3,1.62,2.64,2.34,72.20,0.50
4,Manuela Gómez,Programación,1,1.76,2.49,1.46,87.00,0.91
4,Manuela Gómez,Programación,2,1.26,2.46,1.81,89.60,0.41
4,Manuela Gómez,Programación,3,1.21,2.62,2.62,82.60,0.38
4,Manuela Gómez,Redes,1,2.65,3.67,2.79,94.20,0.46
4,Manuela Gómez,Redes,2,2.66,3.31,3.29,75.30,0.63
4,Manuela Gómez,Redes,3,3.57,2.95,3.10,91.10,0.49
4,Manuela Gómez,Sistemas,1,2.93,2.74,2.63,81.60,0.34
4,Manuela Gómez,Sistemas,2,3.46,2.73,2.12,61.20,0.49
4,Manuela Gómez,Sistemas,3,3.07,2.69,2.38,78.90,0.62
5,Andrés Gómez,Algoritmos,1,1.28,1.84,0.74,100.00,0.57
5,Andrés Gómez,Algoritmos,2,1.70,0.48,1.42,84.50,0.49
5,Andrés Gómez,Algoritmos,3,1.33,1.08,1.18,81.60,0.75
5,Andrés Gómez,Bases de Datos,1,0.97,1.59,0.45,58.00,0.37
5,Andrés Gómez,Bases de Datos,2,0.00,1.03,0.74,92.60,0.81
5,Andrés Gómez,Bases de Datos,3,0.47,0.37,0.95,71.20,0.62
5,Andrés Gómez,Ingeniería de Software,1,0.42,0.58,1.30,67.40,0.85
5,Andrés Gómez,Ingeniería de Software,2,0.74,1.00,0.75,63.30,0.53
5,Andrés Gómez,Ingeniería de Software,3,1.36,0.52,1.96,69.40,0.30
5,Andrés Gómez,Matemáticas,1,1.86,0.00,0.19,89.80,0.67
5,Andrés Gómez,Matemáticas,2,0.40,0.72,0.86,95.70,0.82
5,Andrés Gómez,Matemáticas,3,0.41,1.20,0.18,72.30,0.39
5,Andrés Gómez,Programación,1,1.64,1.96,1.74,89.80,0.93
5,Andrés Gómez,Programación,2,1.58,0.65,1.60,80.20,0.72
5,Andrés Gómez,Programación,3,1.50,1.47,1.04,80.90,0.84
5,Andrés Gómez,Redes,1,2.04,1.14,1.03,79.10,0.31
5,Andrés Gómez,Redes,2,2.33,1.61,1.44,100.00,0.57
5,Andrés Gómez,Redes,3,1.24,1.70,1.29,62.80,0.64
5,Andrés Gómez,Sistemas,1,1.53,2.23,1.54,74.20,0.60
5,Andrés Gómez,Sistemas,2,0.60,1.38,0.99,89.80,0.34
5,Andrés Gómez,Sistemas,3,1.53,2.33,0.80,74.80,0.87
6,Sebastián Vargas,Algoritmos,1,1.73,2.04,2.24,79.30,0.67
6,Sebastián Vargas,Algoritmos,2,2.35,0.37,1.57,72.50,0.80
6,Sebastián Vargas,Algoritmos,3,2.53,3.12,1.28,74.40,0.79
6,Sebastián Vargas,Bases de Datos,1,2.63,2.78,3.10,75.50,0.71
6,Sebastián Vargas,Bases de Datos,2,2.25,2.21,1.68,78.00,0.90
6,Sebastián Vargas,Bases de Datos,3,2.13,2.05,2.20,78.50,0.67
6,Sebastián Vargas,Ingeniería de Software,1,2.22,2.28,2.25,95.40,0.59
6,Sebastián Vargas,Ingeniería de Software,2,0.63,1.84,1.79,88.60,0.60
6,Sebastián Vargas,Ingeniería de Software,3,2.01,1.11,1.65,65.40,0.53
6,Sebastián Vargas,Matemáticas,1,2.95,2.34,3.44,97.20,0.51
6,Sebastián Vargas,Matemáticas,2,2.29,2.77,2.18,72.80,0.41
6,Sebastián Vargas,Matemáticas,3,2.17,2.62,2.90,93.50,0.67
6,Sebastián Vargas,Programación,1,0.95,0.85,1.52,83.00,0.80
6,Sebastián Vargas,Programación,2,1.72,1.17,2.31,79.30,0.63
6,Sebastián Vargas,Programación,3,1.86,1.59,1.20,78.50,0.35
6,Sebastián Vargas,Redes,1,2.01,2.37,3.26,96.10,0.44
6,Sebastián Vargas,Redes,2,2.83,2.99,1.79,90.20,0.68
6,Sebastián Vargas,Redes,3,1.97,1.32,2.36,75.80,0.62
6,Sebastián Vargas,Sistemas,1,2.72,2.64,2.74,77.80,0.69
6,Sebastián Vargas,Sistemas,2,3.48,3.62,3.53,78.20,0.79
6,Sebastián Vargas,Sistemas,3,3.03,2.87,2.09,69.60,0.69
7,Renata Rodríguez,Algoritmos,1,3.20,3.68,3.94,95.10,0.88
7,Renata Rodríguez,Algoritmos,2,3.44,3.34,4.41,88.20,0.83
7,Renata Rodríguez,Algoritmos,3,3.58,3.27,4.44,92.30,0.78
7,Renata Rodríguez,Bases de Datos,1,3.23,3.93,3.33,100.00,0.77
7,Renata Rodríguez,Bases de Datos,2,4.14,3.79,3.27,83.90,0.75
7,Renata Rodríguez,Bases de Datos,3,4.61,4.43,4.09,78.30,0.59
7,Renata Rodríguez,Ingeniería de Software,1,3.58,3.76,3.98,94.00,0.89
7,Renata Rodríguez,Ingeniería de Software,2,2.95,3.75,2.96,83.00,0.62
7,Renata Rodríguez,Ingeniería de Software,3,3.36,3.71,3.34,80.70,0.78
7,Renata Rodríguez,Matemáticas,1,4.14,3.01,3.19,79.20,0.71
7,Renata Rodríguez,Matemáticas,2,2.99,3.55,3.35,80.40,0.55
7,Renata Rodríguez,Matemáticas,3,2.80,3.19,3.45,94.00,0.87
7,Renata Rodríguez,Programación,1,2.67,3.16,3.35,100.00,0.90
7,Renata Rodríguez,Programación,2,2.19,2.77,2.85,70.90,0.66
7,Renata Rodríguez,Programación,3,3.52,2.59,2.20,97.80,0.58
7,Renata Rodríguez,Redes,1,4.27,2.60,2.81,85.90,0.81
7,Renata Rodríguez,Redes,2,3.03,4.44,4.70,91.30,0.72
7,Renata Rodríguez,Redes,3,2.89,3.02,3.14,71.70,1.00
7,Renata Rodríguez,Sistemas,1,3.32,3.59,4.40,91.20,0.93
7,Renata Rodríguez,Sistemas,2,3.95,3.80,3.22,84.40,0.79
7,Renata Rodríguez,Sistemas,3,4.12,4.39,3.78,81.60,0.78
8,Maximiliano Vargas,Algoritmos,1,2.73,2.53,2.98,89.10,0.46
8,Maximiliano Vargas,Algoritmos,2,2.01,2.80,2.64,75.00,0.77
8,Maximiliano Vargas,Algoritmos,3,2.10,2.88,2.39,88.60,0.52
8,Maximiliano Vargas,Bases de Datos,1,3.11,3.24,2.88,82.20,0.49
8,Maximiliano Vargas,Bases de Datos,2,3.17,3.41,3.32,83.10,0.55
8,Maximiliano Vargas,Bases de Datos,3,2.24,3.16,3.11,55.30,0.35
8,Maximiliano Vargas,Ingeniería de Software,1,2.03,2.76,2.23,80.10,0.34
8,Maximiliano Vargas,Ingeniería de Software,2,2.74,3.03,2.86,64.90,0.74
8,Maximiliano Vargas,Ingeniería de Software,3,2.31,3.40,3.12,68.90,0.54
8,Maximiliano Vargas,Matemáticas,1,1.50,1.94,2.03,71.10,0.69
8,Maximiliano Vargas,Matemáticas,2,2.07,2.24,2.43,84.50,0.53
8,Maximiliano Vargas,Matemáticas,3,1.62,2.21,2.03,67.80,0.65
8,Maximiliano Vargas,Programación,1,3.18,3.06,3.06,95.50,0.62
8,Maximiliano Vargas,Programación,2,3.52,2.17,3.49,78.20,0.66
8,Maximiliano Vargas,Programación,3,2.50,2.22,2.65,72.50,0.50
8,Maximiliano Vargas,Redes,1,3.02,2.98,2.92,87.30,0.56
8,Maximiliano Vargas,Redes,2,3.11,3.22,2.87,68.80,0.50
8,Maximiliano Vargas,Redes,3,2.66,3.02,3.04,82.00,0.62
8,Maximiliano Vargas,Sistemas,1,3.18,3.50,2.36,89.10,0.30
8,Maximiliano Vargas,Sistemas,2,3.44,2.87,2.32,65.80,0.82
8,Maximiliano Vargas,Sistemas,3,2.10,2.69,2.82,80.60,0.58
9,Maximiliano Torres,Algoritmos,1,1.84,1.25,1.89,71.60,0.33
9,Maximiliano Torres,Algoritmos,2,0.84,1.48,1.75,79.90,0.64
9,Maximiliano Torres,Algoritmos,3,1.69,2.39,2.39,92.30,0.25
9,Maximiliano Torres,Bases de Datos,1,1.40,0.44,0.78,94.30,0.46
9,Maximiliano Torres,Bases de Datos,2,1.34,1.35,0.99,67.20,0.97
9,Maximiliano Torres,Bases de Datos,3,2.05,2.21,0.99,76.00,0.16
9,Maximiliano Torres,Ingeniería de Software,1,0.22,2.23,1.23,78.00,0.73
9,Maximiliano Torres,Ingeniería de Software,2,1.20,1.34,1.71,77.50,0.52
9,Maximiliano Torres,Ingeniería de Software,3,1.76,1.43,1.57,69.70,0.55
9,Maximiliano Torres,Matemáticas,1,1.46,0.80,1.32,74.70,0.70
9,Maximiliano Torres,Matemáticas,2,2.09,1.80,1.72,78.00,0.48
9,Maximiliano Torres,Matemáticas,3,1.46,2.03,1.52,69.10,0.68
9,Maximiliano Torres,Programación,1,1.16,1.18,0.06,70.20,0.96
9,Maximiliano Torres,Programación,2,0.00,1.20,1.37,66.90,0.73
9,Maximiliano Torres,Programación,3,0.81,0.67,0.97,66.60,0.53
9,Maximiliano Torres,Redes,1,1.18,1.60,0.00,63.10,0.82
9,Maximiliano Torres,Redes,2,1.25,1.58,1.71,64.40,0.49
9,Maximiliano Torres,Redes,3,1.66,0.91,1.37,79.30,0.67
9,Maximiliano Torres,Sistemas,1,1.64,1.20,1.32,89.80,0.36
9,Maximiliano Torres,Sistemas,2,2.08,1.83,0.96,62.30,0.42
9,Maximiliano Torres,Sistemas,3,2.14,0.11,1.55,73.90,0.58
10,Gabriela Medina,Algoritmos,1,2.50,3.47,3.67,71.30,0.62
10,Gabriela Medina,Algoritmos,2,2.76,2.56,3.31,100.00,0.90
10,Gabriela Medina,Algoritmos,3,1.81,2.97,3.81,84.20,0.54
10,Gabriela Medina,Bases de Datos,1,0.80,1.33,0.85,76.00,0.57
10,Gabriela Medina,Bases de Datos,2,1.95,1.30,1.61,93.90,0.68
10,Gabriela Medina,Bases de Datos,3,1.25,1.06,2.08,65.90,0.88
10,Gabriela Medina,Ingeniería de Software,1,2.46,2.43,2.48,79.00,0.66
10,Gabriela Medina,Ingeniería de Software,2,2.99,3.07,2.84,87.50,0.75
10,Gabriela Medina,Ingeniería de Software,3,2.19,2.23,1.45,92.50,0.70
10,Gabriela Medina,Matemáticas,1,2.66,2.16,2.06,77.10,0.78
10,Gabriela Medina,Matemáticas,2,0.69,1.77,1.77,85.10,0.77
10,Gabriela Medina,Matemáticas,3,1.91,2.55,2.58,100.00,0.71
10,Gabriela Medina,Programación,1,2.95,3.09,2.01,95.30,0.18
10,Gabriela Medina,Programación,2,2.76,3.54,2.67,84.50,0.63
10,Gabriela Medina,Programación,3,2.85,4.03,2.87,88.90,0.78
10,Gabriela Medina,Redes,1,1.51,1.95,2.57,96.10,0.77
10,Gabriela Medina,Redes,2,1.50,1.68,1.46,69.00,0.46
10,Gabriela Medina,Redes,3,2.78,1.99,1.85,91.20,0.39
10,Gabriela Medina,Sistemas,1,3.20,2.37,3.41,86.80,0.96
10,Gabriela Medina,Sistemas,2,2.51,3.13,1.80,90.20,0.28
10,Gabriela Medina,Sistemas,3,2.71,3.94,3.55,79.70,0.69
11,Tomás Valencia,Algoritmos,1,3.09,3.16,3.15,89.50,0.33
11,Tomás Valencia,Algoritmos,2,2.27,2.99,2.82,89.00,1.00
11,Tomás Valencia,Algoritmos,3,2.10,2.28,2.48,85.30,0.34
11,Tomás Valencia,Bases de Datos,1,3.72,4.69,4.03,74.70,0.74
11,Tomás Valencia,Bases de Datos,2,3.57,4.11,4.59,89.40,0.52
11,Tomás Valencia,Bases de Datos,3,3.46,4.34,4.30,100.00,0.79
11,Tomás Valencia,Ingeniería de Software,1,3.30,4.61,3.56,71.60,0.62
11,Tomás Valencia,Ingeniería de Software,2,5.00,3.56,3.90,70.50,0.98
11,Tomás Valencia,Ingeniería de Software,3,3.13,2.63,3.43,88.00,1.00
11,Tomás Valencia,Matemáticas,1,3.36,2.82,4.03,100.00,0.86
11,Tomás Valencia,Matemáticas,2,3.27,3.83,2.61,70.00,0.54
11,Tomás Valencia,Matemáticas,3,3.17,3.78,3.54,86.10,0.96
11,Tomás Valencia,Programación,1,3.39,3.11,3.28,100.00,0.47
11,Tomás Valencia,Programación,2,3.62,3.72,2.75,69.70,0.65
11,Tomás Valencia,Programación,3,3.30,2.58,1.84,90.80,0.38
11,Tomás Valencia,Redes,1,3.24,3.27,3.58,83.00,0.90
11,Tomás Valencia,Redes,2,3.02,3.36,3.50,77.00,0.82
11,Tomás Valencia,Redes,3,2.75,3.12,3.03,100.00,0.58
11,Tomás Valencia,Sistemas,1,2.84,3.00,3.12,91.90,0.97
11,Tomás Valencia,Sistemas,2,4.12,3.21,3.80,88.40,0.60
11,Tomás Valencia,Sistemas,3,3.01,3.54,2.69,83.60,0.82
12,Natalia Pardo,Algoritmos,1,1.79,1.83,2.75,74.10,0.33
12,Natalia Pardo,Algoritmos,2,1.95,1.51,1.06,74.00,0.58
12,Natalia Pardo,Algoritmos,3,2.29,2.41,2.61,95.30,0.38
12,Natalia Pardo,Bases de Datos,1,2.84,2.88,2.77,78.10,0.88
12,Natalia Pardo,Bases de Datos,2,2.38,2.43,1.88,66.50,0.54
12,Natalia Pardo,Bases de Datos,3,2.64,2.47,2.49,72.70,0.60
12,Natalia Pardo,Ingeniería de Software,1,1.60,2.10,1.70,100.00,0.37
12,Natalia Pardo,Ingeniería de Software,2,1.91,2.09,2.17,84.10,0.96
12,Natalia Pardo,Ingeniería de Software,3,1.17,1.60,1.89,75.90,0.51
12,Natalia Pardo,Matemáticas,1,1.69,1.27,1.18,78.30,0.82
12,Natalia Pardo,Matemáticas,2,1.48,2.03,1.38,70.90,0.67
12,Natalia Pardo,Matemáticas,3,1.35,2.03,0.61,68.60,0.51
12,Natalia Pardo,Programación,1,1.85,0.89,1.00,77.70,0.47
12,Natalia Pardo,Programación,2,1.10,1.80,1.44,72.60,0.71
12,Natalia Pardo,Programación,3,2.16,2.22,2.66,70.70,0.82
12,Natalia Pardo,Redes,1,2.03,1.87,2.04,79.10,0.55
12,Natalia Pardo,Redes,2,1.74,1.73,0.94,84.20,0.73
12,Natalia Pardo,Redes,3,2.02,2.21,1.57,77.90,0.85
12,Natalia Pardo,Sistemas,1,2.30,0.90,0.25,64.60,0.58
12,Natalia Pardo,Sistemas,2,1.16,1.11,1.33,72.40,0.74
12,Natalia Pardo,Sistemas,3,1.74,1.35,2.31,79.20,0.59
13,Camila Ruiz,Algoritmos,1,2.23,2.13,2.00,86.40,0.71
13,Camila Ruiz,Algoritmos,2,3.02,2.59,3.77,85.50,0.50
13,Camila Ruiz,Algoritmos,3,2.12,1.67,1.60,87.70,0.62
13,Camila Ruiz,Bases de Datos,1,3.03,2.76,3.25,74.90,0.70
13,Camila Ruiz,Bases de Datos,2,2.22,2.70,2.67,80.10,0.56
13,Camila Ruiz,Bases de Datos,3,2.97,3.08,2.37,75.50,0.55
13,Camila Ruiz,Ingeniería de Software,1,2.14,1.84,1.76,73.30,0.70
13,Camila Ruiz,Ingeniería de Software,2,2.10,0.63,0.89,82.00,1.00
13,Camila Ruiz,Ingeniería de Software,3,2.56,1.71,2.10,65.60,0.56
13,Camila Ruiz,Matemáticas,1,1.47,2.04,2.26,88.90,0.74
13,Camila Ruiz,Matemáticas,2,2.55,2.27,2.90,90.10,0.59
13,Camila Ruiz,Matemáticas,3,2.31,1.38,2.40,79.40,0.33
13,Camila Ruiz,Programación,1,2.98,2.94,2.57,61.00,0.67
13,Camila Ruiz,Programación,2,2.48,3.51,3.34,87.50,0.78
13,Camila Ruiz,Programación,3,3.80,2.90,2.42,64.30,0.54
13,Camila Ruiz,Redes,1,3.20,2.15,0.76,84.20,0.67
13,Camila Ruiz,Redes,2,2.33,1.81,2.17,80.10,0.89
13,Camila Ruiz,Redes,3,2.99,1.80,2.77,93.90,0.82
13,Camila Ruiz,Sistemas,1,3.48,3.70,3.53,72.70,0.62
13,Camila Ruiz,Sistemas,2,3.18,2.39,2.34,70.80,0.78
13,Camila Ruiz,Sistemas,3,3.72,3.34,2.96,89.20,0.88
14,Miguel Muñoz,Algoritmos,1,3.89,3.58,3.49,100.00,0.60
14,Miguel Muñoz,Algoritmos,2,4.56,4.29,3.68,94.60,1.00
14,Miguel Muñoz,Algoritmos,3,5.00,3.74,3.91,100.00,0.76
14,Miguel Muñoz,Bases de Datos,1,4.60,5.00,3.86,93.90,0.74
14,Miguel Muñoz,Bases de Datos,2,4.27,5.00,4.55,95.60,0.85
14,Miguel Muñoz,Bases de Datos,3,4.70,5.00,4.56,99.90,0.84
14,Miguel Muñoz,Ingeniería de Software,1,4.93,3.94,4.47,93.50,0.50
14,Miguel Muñoz,Ingeniería de Software,2,4.72,5.00,4.70,91.20,0.71
14,Miguel Muñoz,Ingeniería de Software,3,5.00,4.60,5.00,100.00,0.77
14,Miguel Muñoz,Matemáticas,1,3.76,4.50,3.54,92.50,0.71
14,Miguel Muñoz,Matemáticas,2,3.74,3.34,4.31,100.00,1.00
14,Miguel Muñoz,Matemáticas,3,4.59,3.99,3.27,88.20,0.87
14,Miguel Muñoz,Programación,1,4.20,3.29,3.46,71.40,1.00
14,Miguel Muñoz,Programación,2,5.00,4.28,3.89,97.40,0.68
14,Miguel Muñoz,Programación,3,3.77,3.25,3.40,87.00,0.61
14,Miguel Muñoz,Redes,1,4.63,3.31,4.64,93.50,0.86
14,Miguel Muñoz,Redes,2,4.45,4.66,4.28,85.10,0.84
14,Miguel Muñoz,Redes,3,4.89,4.78,5.00,94.20,0.88
14,Miguel Muñoz,Sistemas,1,4.01,4.55,4.45,100.00,1.00
14,Miguel Muñoz,Sistemas,2,4.22,5.00,3.75,93.10,0.79
14,Miguel Muñoz,Sistemas,3,3.80,3.71,4.56,87.20,0.78
15,Felipe Mendoza,Algoritmos,1,3.21,3.07,3.37,90.30,0.73
15,Felipe Mendoza,Algoritmos,2,4.35,3.10,3.31,80.60,0.44
15,Felipe Mendoza,Algoritmos,3,2.57,3.50,3.72,70.60,0.77
15,Felipe Mendoza,Bases de Datos,1,3.04,3.01,2.63,86.80,0.80
15,Felipe Mendoza,Bases de Datos,2,2.84,3.87,3.03,82.70,0.53
15,Felipe Mendoza,Bases de Datos,3,2.32,2.61,3.77,95.20,0.79
15,Felipe Mendoza,Ingeniería de Software,1,4.54,4.02,3.85,92.40,1.00
15,Felipe Mendoza,Ingeniería de Software,2,4.73,3.71,2.24,90.20,0.85
15,Felipe Mendoza,Ingeniería de Software,3,3.98,4.46,4.11,95.10,0.63
15,Felipe Mendoza,Matemáticas,1,2.81,1.96,2.13,83.40,0.55
15,Felipe Mendoza,Matemáticas,2,2.73,3.11,2.99,86.30,0.44
15,Felipe Mendoza,Matemáticas,3,3.25,3.10,2.79,93.20,0.23
15,Felipe Mendoza,Programación,1,3.27,3.12,3.00,72.30,0.78
15,Felipe Mendoza,Programación,2,2.58,3.22,3.42,77.90,0.58
15,Felipe Mendoza,Programación,3,2.78,3.31,2.98,76.30,0.82
15,Felipe Mendoza,Redes,1,2.68,3.09,4.95,87.20,0.66
15,Felipe Mendoza,Redes,2,3.20,2.99,3.24,90.40,0.41
15,Felipe Mendoza,Redes,3,4.62,2.72,3.60,79.10,0.40
15,Felipe Mendoza,Sistemas,1,3.54,4.10,3.34,75.90,0.62
15,Felipe Mendoza,Sistemas,2,2.37,3.86,3.54,81.20,0.94
15,Felipe Mendoza,Sistemas,3,2.49,3.11,3.41,82.30,0.63
16,Ricardo Gómez,Algoritmos,1,2.91,3.20,3.09,86.30,0.56
16,Ricardo Gómez,Algoritmos,2,3.97,3.06,3.38,86.90,0.82
16,Ricardo Gómez,Algoritmos,3,4.42,3.41,3.73,94.00,0.75
16,Ricardo Gómez,Bases de Datos,1,3.91,4.16,3.62,90.00,0.88
16,Ricardo Gómez,Bases de Datos,2,4.12,3.69,4.20,88.50,0.73
16,Ricardo Gómez,Bases de Datos,3,3.11,3.32,2.59,95.80,0.45
16,Ricardo Gómez,Ingeniería de Software,1,4.32,3.31,3.92,80.80,0.59
16,Ricardo Gómez,Ingeniería de Software,2,3.64,4.03,4.18,93.70,0.71
16,Ricardo Gómez,Ingeniería de Software,3,3.72,3.72,2.88,98.10,0.61
16,Ricardo Gómez,Matemáticas,1,3.52,2.94,2.75,94.30,0.96
16,Ricardo Gómez,Matemáticas,2,3.01,2.53,3.45,75.30,0.86
16,Ricardo Gómez,Matemáticas,3,3.18,3.22,3.57,86.80,0.93
16,Ricardo Gómez,Programación,1,3.66,2.80,3.65,100.00,0.66
16,Ricardo Gómez,Programación,2,1.93,2.42,3.50,100.00,0.38
16,Ricardo Gómez,Programación,3,3.45,3.50,3.48,75.70,0.30
16,Ricardo Gómez,Redes,1,3.40,3.61,4.16,94.80,1.00
16,Ricardo Gómez,Redes,2,2.75,3.95,4.34,76.70,0.79
16,Ricardo Gómez,Redes,3,3.88,3.36,4.44,87.30,0.72
16,Ricardo Gómez,Sistemas,1,2.52,2.77,2.34,77.10,0.84
16,Ricardo Gómez,Sistemas,2,3.75,2.80,3.37,86.10,0.64
16,Ricardo Gómez,Sistemas,3,2.35,2.39,3.53,88.80,0.86
17,Mariana Molina,Algoritmos,1,3.47,3.39,3.03,91.40,0.94
17,Mariana Molina,Algoritmos,2,4.15,2.83,3.33,84.00,0.54
17,Mariana Molina,Algoritmos,3,4.04,3.41,3.99,93.40,0.73
17,Mariana Molina,Bases de Datos,1,3.67,3.38,2.75,80.20,0.97
17,Mariana Molina,Bases de Datos,2,3.06,3.64,3.58,77.30,0.77
17,Mariana Molina,Bases de Datos,3,3.69,3.63,3.69,100.00,0.51
17,Mariana Molina,Ingeniería de Software,1,3.85,4.10,4.13,100.00,0.54
17,Mariana Molina,Ingeniería de Software,2,3.49,4.02,4.07,90.30,0.96
17,Mariana Molina,Ingeniería de Software,3,4.09,3.57,3.46,96.20,0.71
17,Mariana Molina,Matemáticas,1,4.07,3.85,3.13,82.10,0.64
17,Mariana Molina,Matemáticas,2,4.32,3.35,4.19,88.50,0.91
17,Mariana Molina,Matemáticas,3,3.67,2.56,4.92,90.60,0.63
17,Mariana Molina,Programación,1,3.67,3.88,3.78,94.70,0.90
17,Mariana Molina,Programación,2,3.87,4.33,5.00,80.60,0.23
17,Mariana Molina,Programación,3,3.71,4.75,4.68,83.50,0.85
17,Mariana Molina,Redes,1,3.15,3.64,2.80,86.60,0.70
17,Mariana Molina,Redes,2,2.79,2.84,3.61,91.30,0.89
17,Mariana Molina,Redes,3,3.99,4.40,4.55,85.10,0.39
17,Mariana Molina,Sistemas,1,3.19,2.87,3.13,98.20,0.57
17,Mariana Molina,Sistemas,2,3.73,3.02,3.23,100.00,0.72
17,Mariana Molina,Sistemas,3,3.31,4.04,3.20,93.90,0.99
18,Carolina Ortiz,Algoritmos,1,3.90,2.79,3.32,79.50,0.78
18,Carolina Ortiz,Algoritmos,2,3.32,2.77,4.46,84.70,0.72
18,Carolina Ortiz,Algoritmos,3,3.39,3.65,3.27,78.20,1.00
18,Carolina Ortiz,Bases de Datos,1,3.15,2.42,2.56,73.60,0.55
18,Carolina Ortiz,Bases de Datos,2,2.09,3.00,3.31,72.90,0.54
18,Carolina Ortiz,Bases de Datos,3,2.73,3.21,3.05,97.20,0.97
18,Carolina Ortiz,Ingeniería de Software,1,3.56,3.43,2.46,85.10,0.68
18,Carolina Ortiz,Ingeniería de Software,2,3.20,2.56,3.25,78.30,0.89
18,Carolina Ortiz,Ingeniería de Software,3,2.39,2.09,3.25,74.40,0.56
18,Carolina Ortiz,Matemáticas,1,3.73,2.90,3.86,86.80,0.67
18,Carolina Ortiz,Matemáticas,2,2.37,3.47,3.14,84.10,0.98
18,Carolina Ortiz,Matemáticas,3,4.51,3.56,3.77,87.40,0.64
18,Carolina Ortiz,Programación,1,2.45,3.22,3.19,85.30,0.78
18,Carolina Ortiz,Programación,2,3.73,2.98,2.92,69.90,0.48
18,Carolina Ortiz,Programación,3,2.69,3.55,1.70,75.70,0.72
18,Carolina Ortiz,Redes,1,2.09,2.61,2.54,83.80,0.78
18,Carolina Ortiz,Redes,2,2.96,3.14,2.41,62.20,0.74
18,Carolina Ortiz,Redes,3,2.29,1.82,3.41,96.80,0.44
18,Carolina Ortiz,Sistemas,1,2.47,1.95,2.15,86.30,0.79
18,Carolina Ortiz,Sistemas,2,2.84,2.77,2.72,78.10,0.74
18,Carolina Ortiz,Sistemas,3,2.81,2.24,2.87,73.80,0.28
19,Felipe Vega,Algoritmos,1,4.08,2.83,3.31,87.40,1.00
19,Felipe Vega,Algoritmos,2,3.27,2.91,3.20,71.70,0.94
19,Felipe Vega,Algoritmos,3,3.09,3.47,3.64,92.30,0.93
19,Felipe Vega,Bases de Datos,1,2.52,3.42,3.17,72.90,0.77
19,Felipe Vega,Bases de Datos,2,3.31,3.70,3.83,85.20,0.53
19,Felipe Vega,Bases de Datos,3,4.12,2.91,3.94,89.10,1.00
19,Felipe Vega,Ingeniería de Software,1,3.77,3.48,2.24,100.00,0.49
19,Felipe Vega,Ingeniería de Software,2,2.62,3.53,3.17,94.20,0.80
19,Felipe Vega,Ingeniería de Software,3,3.30,3.45,3.37,78.40,0.86
19,Felipe Vega,Matemáticas,1,2.29,3.26,4.55,86.70,0.70
19,Felipe Vega,Matemáticas,2,3.06,3.99,4.33,65.70,0.68
19,Felipe Vega,Matemáticas,3,3.84,3.03,4.11,83.00,0.78
19,Felipe Vega,Programación,1,4.45,4.93,4.55,82.20,0.76
19,Felipe Vega,Programación,2,4.83,4.86,4.39,80.70,0.56
19,Felipe Vega,Programación,3,4.53,3.99,4.39,84.20,0.70
19,Felipe Vega,Redes,1,4.31,3.65,5.00,74.40,1.00
19,Felipe Vega,Redes,2,3.44,4.14,4.27,87.20,1.00
19,Felipe Vega,Redes,3,2.86,3.97,3.56,94.20,0.71
19,Felipe Vega,Sistemas,1,4.14,3.67,3.85,100.00,0.66
19,Felipe Vega,Sistemas,2,3.86,3.87,3.67,98.20,0.97
19,Felipe Vega,Sistemas,3,4.23,4.21,4.76,80.30,0.53
20,Isabella Parra,Algoritmos,1,4.73,4.76,4.22,86.70,0.51
20,Isabella Parra,Algoritmos,2,4.16,4.42,4.93,86.00,1.00
20,Isabella Parra,Algoritmos,3,4.82,4.43,4.42,79.50,0.90
20,Isabella Parra,Bases de Datos,1,4.20,4.13,4.79,94.40,0.55
20,Isabella Parra,Bases de Datos,2,4.78,4.34,4.83,81.90,1.00
20,Isabella Parra,Bases de Datos,3,4.35,5.00,4.31,92.30,0.89
20,Isabella Parra,Ingeniería de Software,1,2.92,3.84,3.60,95.90,0.58
20,Isabella Parra,Ingeniería de Software,2,4.35,3.71,3.46,100.00,0.51
20,Isabella Parra,Ingeniería de Software,3,3.65,2.78,2.48,65.50,0.56
20,Isabella Parra,Matemáticas,1,2.82,2.60,2.94,100.00,0.84
20,Isabella Parra,Matemáticas,2,4.06,4.12,3.61,73.70,1.00
20,Isabella Parra,Matemáticas,3,4.21,3.02,3.24,96.70,1.00
20,Isabella Parra,Programación,1,3.94,3.35,3.46,100.00,0.53
20,Isabella Parra,Programación,2,4.12,3.89,4.23,100.00,0.71
20,Isabella Parra,Programación,3,3.25,3.88,4.14,93.60,0.68
20,Isabella Parra,Redes,1,4.44,4.26,2.73,97.20,1.00
20,Isabella Parra,Redes,2,3.84,3.18,2.29,100.00,0.72
20,Isabella Parra,Redes,3,3.56,2.81,3.29,96.70,0.93
20,Isabella Parra,Sistemas,1,3.61,4.06,2.84,93.50,1.00
20,Isabella Parra,Sistemas,2,3.43,3.66,3.59,83.00,0.58
20,Isabella Parra,Sistemas,3,3.51,3.24,3.28,86.00,1.00
21,Alejandro Vega,Algoritmos,1,3.47,3.24,3.93,75.00,0.92
21,Alejandro Vega,Algoritmos,2,3.65,4.44,3.78,71.30,0.66
21,Alejandro Vega,Algoritmos,3,3.51,2.90,3.76,94.20,0.63
21,Alejandro Vega,Bases de Datos,1,4.08,4.32,3.71,83.60,1.00
21,Alejandro Vega,Bases de Datos,2,4.45,4.06,3.68,83.00,0.65
21,Alejandro Vega,Bases de Datos,3,4.02,3.64,5.00,80.10,0.97
21,Alejandro Vega,Ingeniería de Software,1,3.57,2.48,2.51,100.00,0.86
21,Alejandro Vega,Ingeniería de Software,2,3.91,2.97,2.95,88.50,0.75
21,Alejandro Vega,Ingeniería de Software,3,3.40,2.59,3.56,86.10,0.40
21,Alejandro Vega,Matemáticas,1,3.35,2.20,2.62,100.00,0.54
21,Alejandro Vega,Matemáticas,2,2.23,2.07,2.89,80.00,0.75
21,Alejandro Vega,Matemáticas,3,3.01,2.82,3.30,100.00,0.50
21,Alejandro Vega,Programación,1,2.91,3.08,3.44,81.80,0.60
21,Alejandro Vega,Programación,2,3.17,3.65,3.09,66.80,0.78
21,Alejandro Vega,Programación,3,2.75,3.86,3.04,91.60,0.73
21,Alejandro Vega,Redes,1,3.44,3.13,2.98,100.00,0.92
21,Alejandro Vega,Redes,2,4.18,2.96,2.77,96.00,0.79
21,Alejandro Vega,Redes,3,2.66,1.88,2.59,95.70,0.70
21,Alejandro Vega,Sistemas,1,3.06,2.87,3.32,88.10,0.45
21,Alejandro Vega,Sistemas,2,3.64,3.61,3.67,76.70,0.87
21,Alejandro Vega,Sistemas,3,3.98,3.17,3.78,100.00,0.75
22,Ana Zapata,Algoritmos,1,2.14,2.51,2.53,89.10,0.55
22,Ana Zapata,Algoritmos,2,2.55,2.69,3.35,70.50,0.82
22,Ana Zapata,Algoritmos,3,2.43,2.30,2.93,83.60,0.64
22,Ana Zapata,Bases de Datos,1,2.08,2.64,2.87,90.30,0.95
22,Ana Zapata,Bases de Datos,2,2.48,1.34,1.90,64.20,0.66
22,Ana Zapata,Bases de Datos,3,1.47,1.29,2.14,94.70,0.49
22,Ana Zapata,Ingeniería de Software,1,1.96,1.78,1.81,76.70,0.85
22,Ana Zapata,Ingeniería de Software,2,2.13,1.89,1.20,94.50,0.60
22,Ana Zapata,Ingeniería de Software,3,2.18,2.10,1.17,75.60,0.63
22,Ana Zapata,Matemáticas,1,2.55,1.61,2.58,77.90,0.76
22,Ana Zapata,Matemáticas,2,2.00,2.68,2.86,82.50,0.77
22,Ana Zapata,Matemáticas,3,2.46,2.70,2.69,74.10,0.52
22,Ana Zapata,Programación,1,4.07,3.72,2.58,82.20,0.65
22,Ana Zapata,Programación,2,3.27,1.98,1.92,86.80,0.75
22,Ana Zapata,Programación,3,2.98,2.52,3.27,78.40,0.66
22,Ana Zapata,Redes,1,2.07,2.87,3.13,89.00,0.44
22,Ana Zapata,Redes,2,2.64,3.65,3.81,76.10,0.85
22,Ana Zapata,Redes,3,2.18,3.12,2.59,88.20,0.81
22,Ana Zapata,Sistemas,1,2.70,1.77,2.75,92.40,0.38
22,Ana Zapata,Sistemas,2,2.21,2.11,1.38,85.50,0.55
22,Ana Zapata,Sistemas,3,2.22,2.33,1.71,79.50,0.89
23,Samuel Sánchez,Algoritmos,1,3.69,3.81,4.40,92.70,0.87
23,Samuel Sánchez,Algoritmos,2,4.32,4.30,3.86,88.50,1.00
23,Samuel Sánchez,Algoritmos,3,4.08,3.52,4.40,94.70,1.00
23,Samuel Sánchez,Bases de Datos,1,3.90,3.59,3.79,91.80,0.62
23,Samuel Sánchez,Bases de Datos,2,3.42,3.28,4.36,81.70,0.18
23,Samuel Sánchez,Bases de Datos,3,3.25,3.45,3.38,91.90,0.54
23,Samuel Sánchez,Ingeniería de Software,1,5.00,4.13,4.09,91.60,0.67
23,Samuel Sánchez,Ingeniería de Software,2,4.53,3.49,3.72,96.10,1.00
23,Samuel Sánchez,Ingeniería de Software,3,4.22,4.20,4.67,78.70,0.68
23,Samuel Sánchez,Matemáticas,1,3.88,4.20,3.72,84.60,1.00
23,Samuel Sánchez,Matemáticas,2,2.72,4.11,4.38,95.20,0.43
23,Samuel Sánchez,Matemáticas,3,3.86,4.80,4.05,91.70,0.92
23,Samuel Sánchez,Programación,1,3.56,4.09,4.41,71.30,0.85
23,Samuel Sánchez,Programación,2,4.04,5.00,4.48,76.90,0.89
23,Samuel Sánchez,Programación,3,4.17,3.32,4.53,84.60,0.34
23,Samuel Sánchez,Redes,1,3.83,3.96,3.45,100.00,0.68
23,Samuel Sánchez,Redes,2,3.64,3.71,3.65,63.90,0.69
23,Samuel Sánchez,Redes,3,3.62,3.42,3.79,84.30,0.75
23,Samuel Sánchez,Sistemas,1,4.06,4.07,3.61,100.00,1.00
23,Samuel Sánchez,Sistemas,2,3.49,3.89,4.61,87.70,0.73
23,Samuel Sánchez,Sistemas,3,3.84,5.00,4.31,100.00,0.83
24,Emilio Silva,Algoritmos,1,2.96,3.57,1.77,82.00,0.70
24,Emilio Silva,Algoritmos,2,2.71,2.49,2.38,99.70,0.98
24,Emilio Silva,Algoritmos,3,2.06,3.01,2.95,95.30,1.00
24,Emilio Silva,Bases de Datos,1,3.18,2.96,3.39,100.00,0.60
24,Emilio Silva,Bases de Datos,2,2.43,3.29,3.49,84.80,0.67
24,Emilio Silva,Bases de Datos,3,4.09,3.44,3.10,100.00,0.50
24,Emilio Silva,Ingeniería de Software,1,2.14,2.84,2.55,90.10,0.91
24,Emilio Silva,Ingeniería de Software,2,0.53,2.24,3.00,91.50,0.72
24,Emilio Silva,Ingeniería de Software,3,1.87,1.54,1.84,82.40,0.63
24,Emilio Silva,Matemáticas,1,3.50,3.04,3.38,86.10,0.66
24,Emilio Silva,Matemáticas,2,2.21,2.68,3.55,95.40,0.77
24,Emilio Silva,Matemáticas,3,2.96,2.77,2.12,98.30,0.47
24,Emilio Silva,Programación,1,1.52,2.96,2.39,93.20,1.00
24,Emilio Silva,Programación,2,2.76,2.55,2.50,79.00,0.65
24,Emilio Silva,Programación,3,2.13,2.20,2.35,75.40,0.59
24,Emilio Silva,Redes,1,1.97,3.58,2.84,89.70,0.65
24,Emilio Silva,Redes,2,1.94,3.14,2.83,89.80,0.87
24,Emilio Silva,Redes,3,1.32,3.26,2.67,79.40,0.70
24,Emilio Silva,Sistemas,1,3.28,2.78,3.59,79.10,0.84
24,Emilio Silva,Sistemas,2,3.73,3.71,2.87,80.20,0.66
24,Emilio Silva,Sistemas,3,3.26,3.13,2.67,99.90,0.60
25,Natalia Álvarez,Algoritmos,1,3.58,3.05,3.43,80.00,0.81
25,Natalia Álvarez,Algoritmos,2,2.30,2.92,1.75,83.30,0.38
25,Natalia Álvarez,Algoritmos,3,2.58,2.92,2.61,96.00,0.65
25,Natalia Álvarez,Bases de Datos,1,2.94,2.96,2.85,98.00,0.38
25,Natalia Álvarez,Bases de Datos,2,2.15,2.54,3.07,54.50,0.52
25,Natalia Álvarez,Bases de Datos,3,3.58,3.19,3.51,69.90,0.60
25,Natalia Álvarez,Ingeniería de Software,1,2.75,1.90,3.44,71.20,0.86
25,Natalia Álvarez,Ingeniería de Software,2,3.45,3.05,1.77,60.10,1.00
25,Natalia Álvarez,Ingeniería de Software,3,2.98,3.07,1.88,83.30,0.93
25,Natalia Álvarez,Matemáticas,1,3.80,2.51,2.74,82.50,0.99
25,Natalia Álvarez,Matemáticas,2,2.97,2.37,1.71,62.30,0.87
25,Natalia Álvarez,Matemáticas,3,2.35,2.77,3.73,83.80,0.82
25,Natalia Álvarez,Programación,1,2.77,2.56,2.80,65.60,0.73
25,Natalia Álvarez,Programación,2,2.44,2.59,2.12,90.80,0.64
25,Natalia Álvarez,Programación,3,3.53,3.26,2.57,94.30,0.95
25,Natalia Álvarez,Redes,1,1.58,2.79,2.54,100.00,0.69
25,Natalia Álvarez,Redes,2,2.10,1.83,2.59,87.40,0.73
25,Natalia Álvarez,Redes,3,2.12,2.74,3.05,74.60,0.52
25,Natalia Álvarez,Sistemas,1,1.71,3.25,2.67,75.60,0.40
25,Natalia Álvarez,Sistemas,2,2.72,2.33,2.44,65.60,0.38
25,Natalia Álvarez,Sistemas,3,2.71,2.41,3.23,69.50,0.65
26,Emilio Díaz,Algoritmos,1,2.39,1.88,2.03,67.30,0.97
26,Emilio Díaz,Algoritmos,2,2.43,2.28,1.86,73.70,0.25
26,Emilio Díaz,Algoritmos,3,1.51,2.20,1.80,89.70,0.89
26,Emilio Díaz,Bases de Datos,1,2.02,1.45,2.47,79.70,0.50
26,Emilio Díaz,Bases de Datos,2,1.88,1.29,1.80,84.20,0.88
26,Emilio Díaz,Bases de Datos,3,2.43,2.55,1.58,64.30,0.59
26,Emilio Díaz,Ingeniería de Software,1,2.12,2.58,2.23,88.30,0.56
26,Emilio Díaz,Ingeniería de Software,2,2.34,1.14,2.44,94.40,0.65
26,Emilio Díaz,Ingeniería de Software,3,2.18,2.02,1.83,80.00,0.57
26,Emilio Díaz,Matemáticas,1,1.99,2.44,2.70,93.80,0.48
26,Emilio Díaz,Matemáticas,2,2.12,2.65,1.41,72.40,0.63
26,Emilio Díaz,Matemáticas,3,2.38,1.59,2.54,81.90,0.55
26,Emilio Díaz,Programación,1,3.22,1.93,2.89,81.60,0.32
26,Emilio Díaz,Programación,2,1.45,1.85,2.55,85.90,0.90
26,Emilio Díaz,Programación,3,1.34,2.28,2.66,74.40,0.79
26,Emilio Díaz,Redes,1,2.79,1.85,1.76,83.80,0.86
26,Emilio Díaz,Redes,2,1.65,1.62,0.97,80.80,0.66
26,Emilio Díaz,Redes,3,1.20,0.09,1.25,100.00,0.72
26,Emilio Díaz,Sistemas,1,0.51,1.34,1.83,75.00,0.57
26,Emilio Díaz,Sistemas,2,1.54,1.39,1.58,100.00,1.00
26,Emilio Díaz,Sistemas,3,1.57,1.11,1.18,88.10,0.68
27,Ricardo Valencia,Algoritmos,1,3.48,2.79,1.78,75.30,0.79
27,Ricardo Valencia,Algoritmos,2,2.51,2.99,3.17,88.30,0.76
27,Ricardo Valencia,Algoritmos,3,2.78,1.88,2.60,80.10,0.61
27,Ricardo Valencia,Bases de Datos,1,3.29,2.27,2.11,80.20,0.56
27,Ricardo Valencia,Bases de Datos,2,3.69,2.83,2.32,87.70,0.63
27,Ricardo Valencia,Bases de Datos,3,2.96,2.18,2.67,78.00,1.00
27,Ricardo Valencia,Ingeniería de Software,1,3.44,3.15,2.90,85.70,0.40
27,Ricardo Valencia,Ingeniería de Software,2,2.46,3.32,3.61,90.30,0.63
27,Ricardo Valencia,Ingeniería de Software,3,4.08,3.27,3.25,83.10,0.89
27,Ricardo Valencia,Matemáticas,1,3.13,2.41,3.14,89.10,0.56
27,Ricardo Valencia,Matemáticas,2,2.71,1.65,2.36,90.00,0.43
27,Ricardo Valencia,Matemáticas,3,2.62,2.33,2.20,81.10,0.36
27,Ricardo Valencia,Programación,1,2.36,3.12,2.63,84.10,0.56
27,Ricardo Valencia,Programación,2,2.45,2.79,3.25,93.20,0.77
27,Ricardo Valencia,Programación,3,2.73,3.13,2.96,96.30,0.50
27,Ricardo Valencia,Redes,1,2.36,2.79,3.24,93.10,0.59
27,Ricardo Valencia,Redes,2,3.13,2.83,3.28,100.00,0.92
27,Ricardo Valencia,Redes,3,2.27,3.28,2.25,76.60,0.65
27,Ricardo Valencia,Sistemas,1,3.22,3.20,2.64,97.80,0.49
27,Ricardo Valencia,Sistemas,2,3.21,2.69,3.37,77.30,0.82
27,Ricardo Valencia,Sistemas,3,3.96,2.75,2.26,58.70,0.45
28,Eduardo Pérez,Algoritmos,1,2.78,2.86,3.16,88.80,0.91
28,Eduardo Pérez,Algoritmos,2,3.23,1.79,2.22,76.10,0.50
28,Eduardo Pérez,Algoritmos,3,2.90,2.83,2.21,100.00,0.73
28,Eduardo Pérez,Bases de Datos,1,3.27,3.15,2.36,81.70,0.66
28,Eduardo Pérez,Bases de Datos,2,2.42,2.31,2.85,85.60,0.82
28,Eduardo Pérez,Bases de Datos,3,2.66,2.26,2.61,92.10,0.73
28,Eduardo Pérez,Ingeniería de Software,1,2.70,2.65,3.73,83.90,0.66
28,Eduardo Pérez,Ingeniería de Software,2,3.02,2.54,2.62,88.90,0.78
28,Eduardo Pérez,Ingeniería de Software,3,2.84,1.98,1.99,88.40,0.99
28,Eduardo Pérez,Matemáticas,1,2.97,2.29,2.81,100.00,0.63
28,Eduardo Pérez,Matemáticas,2,1.59,2.51,2.25,100.00,0.60
28,Eduardo Pérez,Matemáticas,3,3.18,2.87,3.14,78.40,0.52
28,Eduardo Pérez,Programación,1,2.48,1.95,1.59,88.10,0.69
28,Eduardo Pérez,Programación,2,2.03,1.81,1.21,73.60,0.95
28,Eduardo Pérez,Programación,3,1.98,1.07,2.57,99.80,0.90
28,Eduardo Pérez,Redes,1,2.50,2.68,2.50,88.20,0.46
28,Eduardo Pérez,Redes,2,2.64,2.78,2.18,77.10,0.59
28,Eduardo Pérez,Redes,3,2.90,3.44,3.15,81.10,0.47
28,Eduardo Pérez,Sistemas,1,2.49,2.85,3.29,82.90,0.71
28,Eduardo Pérez,Sistemas,2,2.17,3.01,2.33,97.60,0.19
28,Eduardo Pérez,Sistemas,3,2.34,3.18,3.41,85.90,0.96
29,Daniel Vargas,Algoritmos,1,4.16,4.35,4.88,95.20,0.90
29,Daniel Vargas,Algoritmos,2,3.53,4.05,3.92,100.00,0.59
29,Daniel Vargas,Algoritmos,3,3.81,3.43,3.87,100.00,0.68
29,Daniel Vargas,Bases de Datos,1,3.78,2.65,3.66,72.40,0.38
29,Daniel Vargas,Bases de Datos,2,2.90,3.34,3.46,72.00,0.58
29,Daniel Vargas,Bases de Datos,3,3.42,3.23,3.38,97.40,0.74
29,Daniel Vargas,Ingeniería de Software,1,3.37,2.84,1.89,98.40,0.86
29,Daniel Vargas,Ingeniería de Software,2,3.51,3.47,3.49,90.80,0.62
29,Daniel Vargas,Ingeniería de Software,3,2.36,2.42,2.18,95.10,0.88
29,Daniel Vargas,Matemáticas,1,3.82,4.02,3.69,76.60,0.72
29,Daniel Vargas,Matemáticas,2,3.88,3.53,4.38,81.70,1.00
29,Daniel Vargas,Matemáticas,3,3.62,3.54,3.32,90.50,0.47
29,Daniel Vargas,Programación,1,4.16,3.50,3.58,76.60,0.65
29,Daniel Vargas,Programación,2,2.97,3.21,2.71,83.40,0.66
29,Daniel Vargas,Programación,3,3.04,4.01,3.42,69.50,0.64
29,Daniel Vargas,Redes,1,4.53,3.85,4.29,73.00,0.53
29,Daniel Vargas,Redes,2,4.90,4.14,3.80,92.50,1.00
29,Daniel Vargas,Redes,3,4.24,4.53,4.44,87.80,0.68
29,Daniel Vargas,Sistemas,1,2.78,2.79,1.86,86.60,0.76
29,Daniel Vargas,Sistemas,2,3.85,3.13,2.91,80.90,0.88
29,Daniel Vargas,Sistemas,3,3.98,1.92,2.18,100.00,0.60
30,Ricardo Suárez,Algoritmos,1,2.93,3.96,4.15,82.30,0.82
30,Ricardo Suárez,Algoritmos,2,3.68,3.59,4.01,66.70,0.63
30,Ricardo Suárez,Algoritmos,3,3.51,4.76,3.45,99.20,0.76
30,Ricardo Suárez,Bases de Datos,1,4.78,4.04,5.00,79.50,0.74
30,Ricardo Suárez,Bases de Datos,2,4.44,4.01,4.67,98.10,0.84
30,Ricardo Suárez,Bases de Datos,3,5.00,4.64,4.09,89.90,0.92
30,Ricardo Suárez,Ingeniería de Software,1,4.66,3.65,3.80,84.00,0.64
30,Ricardo Suárez,Ingeniería de Software,2,4.74,3.84,4.79,75.70,0.85
30,Ricardo Suárez,Ingeniería de Software,3,3.74,4.17,4.48,91.30,0.62
30,Ricardo Suárez,Matemáticas,1,3.27,5.00,4.11,76.10,0.87
30,Ricardo Suárez,Matemáticas,2,3.08,4.02,3.74,91.00,0.67
30,Ricardo Suárez,Matemáticas,3,4.77,4.89,4.48,100.00,0.70
30,Ricardo Suárez,Programación,1,3.56,4.77,3.62,93.70,0.82
30,Ricardo Suárez,Programación,2,3.85,3.90,4.90,87.70,0.69
30,Ricardo Suárez,Programación,3,3.58,4.40,4.10,77.30,0.69
30,Ricardo Suárez,Redes,1,4.46,4.09,3.84,81.30,0.42
30,Ricardo Suárez,Redes,2,3.61,5.00,4.09,92.00,0.64
30,Ricardo Suárez,Redes,3,3.54,5.00,4.40,85.90,0.62
30,Ricardo Suárez,Sistemas,1,5.00,4.94,4.40,89.30,0.74
30,Ricardo Suárez,Sistemas,2,4.60,4.85,4.17,99.10,1.00
30,Ricardo Suárez,Sistemas,3,4.67,5.00,5.00,89.80,0.75
31,Daniela Álvarez,Algoritmos,1,3.26,2.30,2.51,100.00,0.24
31,Daniela Álvarez,Algoritmos,2,2.33,3.43,3.08,100.00,0.76
31,Daniela Álvarez,Algoritmos,3,1.55,2.65,1.88,100.00,0.60
31,Daniela Álvarez,Bases de Datos,1,3.47,3.24,2.74,89.20,0.64
31,Daniela Álvarez,Bases de Datos,2,2.29,2.86,2.19,100.00,0.82
31,Daniela Álvarez,Bases de Datos,3,2.70,2.53,2.68,83.40,0.86
31,Daniela Álvarez,Ingeniería de Software,1,3.26,3.30,2.89,99.30,0.58
31,Daniela Álvarez,Ingeniería de Software,2,2.35,3.05,3.44,78.70,0.59
31,Daniela Álvarez,Ingeniería de Software,3,3.10,2.77,3.30,92.80,0.41
31,Daniela Álvarez,Matemáticas,1,4.50,3.56,3.24,77.90,0.18
31,Daniela Álvarez,Matemáticas,2,3.59,3.63,3.62,80.20,0.63
31,Daniela Álvarez,Matemáticas,3,3.27,3.96,4.23,80.10,0.82
31,Daniela Álvarez,Programación,1,2.63,4.57,4.10,79.90,0.70
31,Daniela Álvarez,Programación,2,3.93,3.18,3.54,79.00,0.52
31,Daniela Álvarez,Programación,3,4.43,4.41,3.38,91.70,0.82
31,Daniela Álvarez,Redes,1,2.16,2.64,3.40,73.50,0.46
31,Daniela Álvarez,Redes,2,4.12,3.24,3.43,86.40,0.77
31,Daniela Álvarez,Redes,3,3.16,3.60,3.92,83.70,0.59
31,Daniela Álvarez,Sistemas,1,1.59,2.85,2.35,87.00,1.00
31,Daniela Álvarez,Sistemas,2,2.48,2.56,3.21,67.90,0.67
31,Daniela Álvarez,Sistemas,3,3.30,2.39,1.86,84.10,0.61
32,Leonardo Ruiz,Algoritmos,1,2.35,2.60,2.29,72.90,0.59
32,Leonardo Ruiz,Algoritmos,2,2.59,2.73,2.87,77.10,0.72
32,Leonardo Ruiz,Algoritmos,3,2.50,1.40,3.06,77.50,0.79
32,Leonardo Ruiz,Bases de Datos,1,4.06,3.78,4.28,99.50,0.42
32,Leonardo Ruiz,Bases de Datos,2,3.89,3.64,3.90,67.00,1.00
32,Leonardo Ruiz,Bases de Datos,3,4.37,3.61,3.83,85.10,0.85
32,Leonardo Ruiz,Ingeniería de Software,1,2.57,2.23,2.60,80.10,0.79
32,Leonardo Ruiz,Ingeniería de Software,2,2.90,2.59,2.95,93.20,0.52
32,Leonardo Ruiz,Ingeniería de Software,3,2.87,2.73,1.92,71.50,0.60
32,Leonardo Ruiz,Matemáticas,1,3.17,2.91,3.80,97.00,0.82
32,Leonardo Ruiz,Matemáticas,2,3.75,3.82,4.07,87.80,0.59
32,Leonardo Ruiz,Matemáticas,3,2.60,3.34,2.63,86.40,0.59
32,Leonardo Ruiz,Programación,1,3.80,3.30,3.27,96.20,1.00
32,Leonardo Ruiz,Programación,2,3.29,3.00,2.83,92.00,0.43
32,Leonardo Ruiz,Programación,3,2.98,3.20,3.46,78.00,0.64
32,Leonardo Ruiz,Redes,1,3.32,3.79,3.69,83.30,0.68
32,Leonardo Ruiz,Redes,2,3.53,2.88,2.29,71.90,0.53
32,Leonardo Ruiz,Redes,3,4.18,4.77,3.88,79.20,0.93
32,Leonardo Ruiz,Sistemas,1,3.40,3.04,3.08,72.00,0.75
32,Leonardo Ruiz,Sistemas,2,3.65,2.64,4.76,86.60,0.87
32,Leonardo Ruiz,Sistemas,3,3.46,3.81,3.50,77.50,1.00
33,Andrés Ríos,Algoritmos,1,4.05,3.82,3.76,85.40,0.73
33,Andrés Ríos,Algoritmos,2,2.74,2.91,2.96,77.20,0.82
33,Andrés Ríos,Algoritmos,3,2.73,3.21,1.56,89.30,0.60
33,Andrés Ríos,Bases de Datos,1,2.33,2.84,3.45,90.40,0.66
33,Andrés Ríos,Bases de Datos,2,2.89,2.85,3.17,82.50,0.64
33,Andrés Ríos,Bases de Datos,3,2.74,2.63,3.39,62.30,0.92
33,Andrés Ríos,Ingeniería de Software,1,1.81,0.95,2.41,72.00,0.85
33,Andrés Ríos,Ingeniería de Software,2,1.62,2.52,1.54,91.00,0.35
33,Andrés Ríos,Ingeniería de Software,3,1.85,1.65,2.28,89.80,0.48
33,Andrés Ríos,Matemáticas,1,2.87,2.36,3.04,72.00,0.73
33,Andrés Ríos,Matemáticas,2,3.30,2.32,2.51,74.20,0.71
33,Andrés Ríos,Matemáticas,3,2.84,1.30,3.05,70.60,1.00
33,Andrés Ríos,Programación,1,1.56,3.25,3.11,80.50,0.59
33,Andrés Ríos,Programación,2,1.99,2.40,2.90,84.20,0.89
33,Andrés Ríos,Programación,3,1.60,2.95,2.02,79.60,1.00
33,Andrés Ríos,Redes,1,2.27,1.89,2.27,71.20,0.46
33,Andrés Ríos,Redes,2,1.44,1.83,1.49,76.50,0.85
33,Andrés Ríos,Redes,3,1.89,2.92,1.99,92.40,0.72
33,Andrés Ríos,Sistemas,1,2.69,2.24,2.34,90.00,0.70
33,Andrés Ríos,Sistemas,2,2.46,2.23,2.39,95.90,0.55
33,Andrés Ríos,Sistemas,3,2.11,2.04,1.74,85.30,0.75
34,Andrés Díaz,Algoritmos,1,3.81,3.38,4.22,74.70,0.80
34,Andrés Díaz,Algoritmos,2,3.18,3.46,2.89,89.20,0.97
34,Andrés Díaz,Algoritmos,3,3.20,3.85,3.70,67.90,0.53
34,Andrés Díaz,Bases de Datos,1,3.00,2.91,2.55,74.30,0.77
34,Andrés Díaz,Bases de Datos,2,2.11,2.18,3.07,74.40,0.71
34,Andrés Díaz,Bases de Datos,3,2.01,2.28,4.09,86.10,0.94
34,Andrés Díaz,Ingeniería de Software,1,3.40,4.54,3.08,80.70,1.00
34,Andrés Díaz,Ingeniería de Software,2,3.09,3.29,4.51,96.30,0.80
34,Andrés Díaz,Ingeniería de Software,3,3.10,3.82,4.25,77.70,0.71
34,Andrés Díaz,Matemáticas,1,3.58,3.32,4.62,92.50,0.84
34,Andrés Díaz,Matemáticas,2,3.43,4.49,3.83,100.00,0.65
34,Andrés Díaz,Matemáticas,3,3.75,4.04,3.23,88.20,0.53
34,Andrés Díaz,Programación,1,3.40,3.79,2.96,92.60,0.79
34,Andrés Díaz,Programación,2,3.23,2.15,4.01,91.20,0.55
34,Andrés Díaz,Programación,3,4.42,3.30,3.50,94.30,0.74
34,Andrés Díaz,Redes,1,2.68,2.00,2.92,74.10,0.86
34,Andrés Díaz,Redes,2,2.52,2.64,1.78,67.60,0.66
34,Andrés Díaz,Redes,3,2.88,2.56,3.18,95.60,0.84
34,Andrés Díaz,Sistemas,1,4.15,3.68,4.76,93.90,0.95
34,Andrés Díaz,Sistemas,2,3.67,3.49,3.91,100.00,0.81
34,Andrés Díaz,Sistemas,3,2.91,3.24,3.99,88.10,0.70
35,Luis Moreno,Algoritmos,1,4.70,4.01,3.76,88.70,0.94
35,Luis Moreno,Algoritmos,2,4.24,3.89,3.82,93.20,1.00
35,Luis Moreno,Algoritmos,3,3.63,4.73,3.82,85.80,0.89
35,Luis Moreno,Bases de Datos,1,3.23,4.08,3.73,86.60,1.00
35,Luis Moreno,Bases de Datos,2,3.65,3.88,3.39,82.40,0.97
35,Luis Moreno,Bases de Datos,3,3.33,3.46,3.05,90.70,1.00
35,Luis Moreno,Ingeniería de Software,1,3.83,5.00,4.16,79.50,0.75
35,Luis Moreno,Ingeniería de Software,2,2.93,3.83,4.85,84.90,0.71
35,Luis Moreno,Ingeniería de Software,3,4.26,4.74,4.96,82.80,0.62
35,Luis Moreno,Matemáticas,1,2.70,3.96,2.65,92.70,0.93
35,Luis Moreno,Matemáticas,2,3.72,2.53,2.22,79.70,1.00
35,Luis Moreno,Matemáticas,3,3.13,3.08,3.29,75.60,0.98
35,Luis Moreno,Programación,1,4.67,4.63,4.85,89.80,0.99
35,Luis Moreno,Programación,2,4.82,5.00,5.00,100.00,0.96
35,Luis Moreno,Programación,3,5.00,4.64,5.00,96.80,0.83
35,Luis Moreno,Redes,1,3.76,4.16,3.91,86.60,0.97
35,Luis Moreno,Redes,2,4.49,2.96,3.88,81.50,0.51
35,Luis Moreno,Redes,3,5.00,4.53,4.45,66.10,0.90
35,Luis Moreno,Sistemas,1,3.97,4.33,3.95,94.20,0.60
35,Luis Moreno,Sistemas,2,3.72,3.77,4.32,88.00,0.95
35,Luis Moreno,Sistemas,3,4.23,4.72,3.12,88.50,0.61
36,Emma Muñoz,Algoritmos,1,4.86,4.67,4.13,100.00,0.83
36,Emma Muñoz,Algoritmos,2,4.75,4.22,4.50,100.00,0.64
36,Emma Muñoz,Algoritmos,3,3.67,4.68,4.47,96.40,0.31
36,Emma Muñoz,Bases de Datos,1,5.00,5.00,3.72,84.00,0.80
36,Emma Muñoz,Bases de Datos,2,4.38,4.87,4.51,86.40,0.72
36,Emma Muñoz,Bases de Datos,3,4.74,4.62,4.48,84.60,0.50
36,Emma Muñoz,Ingeniería de Software,1,4.55,3.26,3.79,86.70,0.97
36,Emma Muñoz,Ingeniería de Software,2,4.19,4.40,4.52,91.80,0.93
36,Emma Muñoz,Ingeniería de Software,3,4.03,4.45,3.75,93.30,0.76
36,Emma Muñoz,Matemáticas,1,4.95,4.33,4.19,97.30,0.99
36,Emma Muñoz,Matemáticas,2,5.00,4.46,3.98,91.80,0.54
36,Emma Muñoz,Matemáticas,3,3.68,4.87,4.04,87.90,0.51
36,Emma Muñoz,Programación,1,4.46,5.00,5.00,86.40,0.81
36,Emma Muñoz,Programación,2,4.37,5.00,5.00,77.70,0.46
36,Emma Muñoz,Programación,3,4.73,5.00,5.00,82.80,0.76
36,Emma Muñoz,Redes,1,4.11,4.62,4.98,94.90,0.81
36,Emma Muñoz,Redes,2,5.00,4.81,5.00,72.80,0.64
36,Emma Muñoz,Redes,3,5.00,5.00,4.65,91.30,0.84
36,Emma Muñoz,Sistemas,1,3.59,3.88,4.85,87.00,0.65
36,Emma Muñoz,Sistemas,2,4.32,4.23,4.43,100.00,0.73
36,Emma Muñoz,Sistemas,3,3.39,4.47,4.49,100.00,0.70
37,Samuel Zapata,Algoritmos,1,2.92,2.71,2.75,86.30,0.66
37,Samuel Zapata,Algoritmos,2,2.53,2.18,2.09,91.10,1.00
37,Samuel Zapata,Algoritmos,3,1.46,2.67,2.27,84.70,0.82
37,Samuel Zapata,Bases de Datos,1,3.26,3.32,3.28,70.70,0.50
37,Samuel Zapata,Bases de Datos,2,3.70,3.00,3.61,95.20,0.88
37,Samuel Zapata,Bases de Datos,3,3.64,3.17,3.32,72.50,0.53
37,Samuel Zapata,Ingeniería de Software,1,3.01,3.57,3.20,100.00,0.82
37,Samuel Zapata,Ingeniería de Software,2,3.51,1.95,2.73,74.70,0.76
37,Samuel Zapata,Ingeniería de Software,3,2.48,2.93,2.13,84.70,0.68
37,Samuel Zapata,Matemáticas,1,2.68,3.36,4.00,89.80,0.76
37,Samuel Zapata,Matemáticas,2,3.48,2.77,3.38,89.80,0.51
37,Samuel Zapata,Matemáticas,3,2.94,2.96,3.46,91.50,0.61
37,Samuel Zapata,Programación,1,2.32,2.61,2.82,60.30,0.72
37,Samuel Zapata,Programación,2,2.88,2.82,2.96,78.50,0.51
37,Samuel Zapata,Programación,3,3.50,3.32,3.48,77.70,0.70
37,Samuel Zapata,Redes,1,3.86,3.12,4.01,73.50,0.74
37,Samuel Zapata,Redes,2,3.00,3.59,3.40,77.50,0.46
37,Samuel Zapata,Redes,3,3.94,3.46,3.43,85.90,0.68
37,Samuel Zapata,Sistemas,1,3.22,3.87,2.75,87.30,0.87
37,Samuel Zapata,Sistemas,2,4.02,3.38,3.41,97.40,0.80
37,Samuel Zapata,Sistemas,3,3.52,4.26,3.64,98.10,0.62
38,Diego Ramírez,Algoritmos,1,2.68,2.82,1.42,100.00,0.42
38,Diego Ramírez,Algoritmos,2,2.17,2.41,2.00,83.20,0.88
38,Diego Ramírez,Algoritmos,3,1.97,2.85,2.02,94.50,0.58
38,Diego Ramírez,Bases de Datos,1,1.46,1.72,1.74,70.60,0.52
38,Diego Ramírez,Bases de Datos,2,1.27,1.88,1.98,85.50,0.82
38,Diego Ramírez,Bases de Datos,3,1.71,1.94,2.14,77.50,0.57
38,Diego Ramírez,Ingeniería de Software,1,2.74,3.11,2.65,95.60,0.62
38,Diego Ramírez,Ingeniería de Software,2,2.07,1.61,2.57,89.90,0.68
38,Diego Ramírez,Ingeniería de Software,3,2.41,2.24,3.63,96.20,0.66
38,Diego Ramírez,Matemáticas,1,1.47,0.96,0.55,73.40,0.88
38,Diego Ramírez,Matemáticas,2,1.91,1.59,1.35,85.80,0.51
38,Diego Ramírez,Matemáticas,3,1.03,1.48,0.59,82.30,0.45
38,Diego Ramírez,Programación,1,2.24,2.59,2.54,81.70,0.74
38,Diego Ramírez,Programación,2,2.55,1.87,3.45,86.10,0.73
38,Diego Ramírez,Programación,3,2.00,1.46,2.44,92.70,0.86
38,Diego Ramírez,Redes,1,1.61,1.65,2.29,89.90,0.71
38,Diego Ramírez,Redes,2,1.45,2.00,1.76,80.30,0.76
38,Diego Ramírez,Redes,3,0.87,1.99,1.77,75.90,0.42
38,Diego Ramírez,Sistemas,1,1.49,1.83,1.64,78.00,0.50
38,Diego Ramírez,Sistemas,2,1.97,1.76,2.49,89.90,0.29
38,Diego Ramírez,Sistemas,3,1.60,1.65,1.41,71.90,0.54
39,Camila Reyes,Algoritmos,1,3.71,4.48,4.26,84.90,0.93
39,Camila Reyes,Algoritmos,2,4.22,3.63,4.12,91.30,0.50
39,Camila Reyes,Algoritmos,3,4.87,4.20,4.05,86.30,0.90
39,Camila Reyes,Bases de Datos,1,5.00,4.54,5.00,84.50,0.72
39,Camila Reyes,Bases de Datos,2,5.00,4.57,5.00,95.80,0.70
39,Camila Reyes,Bases de Datos,3,5.00,5.00,5.00,98.40,1.00
39,Camila Reyes,Ingeniería de Software,1,4.15,4.51,4.91,100.00,1.00
39,Camila Reyes,Ingeniería de Software,2,4.82,3.95,4.22,78.10,0.64
39,Camila Reyes,Ingeniería de Software,3,4.78,3.94,4.10,87.00,0.91
39,Camila Reyes,Matemáticas,1,4.60,5.00,4.18,76.20,1.00
39,Camila Reyes,Matemáticas,2,5.00,5.00,5.00,90.70,0.85
39,Camila Reyes,Matemáticas,3,5.00,5.00,5.00,88.50,1.00
39,Camila Reyes,Programación,1,3.85,4.35,4.49,85.50,0.66
39,Camila Reyes,Programación,2,3.95,3.86,3.57,74.70,1.00
39,Camila Reyes,Programación,3,3.75,4.06,4.16,81.40,1.00
39,Camila Reyes,Redes,1,4.57,5.00,5.00,82.80,1.00
39,Camila Reyes,Redes,2,4.31,5.00,3.60,84.10,0.66
39,Camila Reyes,Redes,3,4.27,4.99,4.07,79.90,1.00
39,Camila Reyes,Sistemas,1,5.00,5.00,5.00,87.90,0.71
39,Camila Reyes,Sistemas,2,5.00,5.00,4.74,98.20,0.61
39,Camila Reyes,Sistemas,3,5.00,5.00,5.00,94.50,0.71
40,Sebastián Medina,Algoritmos,1,2.48,3.04,2.16,75.50,0.63
40,Sebastián Medina,Algoritmos,2,1.78,2.79,2.64,88.20,0.83
40,Sebastián Medina,Algoritmos,3,2.26,2.33,3.16,60.10,0.58
40,Sebastián Medina,Bases de Datos,1,3.30,3.37,3.47,73.30,0.42
40,Sebastián Medina,Bases de Datos,2,3.56,3.11,3.09,87.50,0.50
40,Sebastián Medina,Bases de Datos,3,3.49,3.89,2.91,86.90,0.45
40,Sebastián Medina,Ingeniería de Software,1,3.28,3.47,3.53,89.10,0.63
40,Sebastián Medina,Ingeniería de Software,2,3.26,3.96,2.81,77.00,0.52
40,Sebastián Medina,Ingeniería de Software,3,3.36,3.67,3.93,77.10,0.44
40,Sebastián Medina,Matemáticas,1,1.46,2.10,2.10,83.90,0.85
40,Sebastián Medina,Matemáticas,2,3.08,2.72,2.64,64.40,0.70
40,Sebastián Medina,Matemáticas,3,2.11,2.08,1.92,86.00,0.30
40,Sebastián Medina,Programación,1,2.75,1.71,2.10,84.40,0.79
40,Sebastián Medina,Programación,2,2.53,2.27,2.99,72.90,0.96
40,Sebastián Medina,Programación,3,2.29,2.54,2.71,79.90,0.81
40,Sebastián Medina,Redes,1,3.37,3.33,3.60,83.90,0.46
40,Sebastián Medina,Redes,2,3.42,3.99,3.42,82.50,0.80
40,Sebastián Medina,Redes,3,3.68,4.43,3.76,71.50,0.70
40,Sebastián Medina,Sistemas,1,3.90,2.54,3.70,93.80,0.40
40,Sebastián Medina,Sistemas,2,4.07,3.46,3.43,92.30,0.62
40,Sebastián Medina,Sistemas,3,3.78,3.18,4.30,73.40,0.47
